{"Question":"How do people feel about the camera of apple ipod touch?","Label_FSQD":"ASS","Label_Subjectivity":"S","Label_ComparisionForm":"S","Label_Subjectivity_ComparisionForm":"SS","Label_SubjectivityType":"A"}
{"Question":"What are the Pros and Cons of the apple ipod touch?","Label_FSQD":"ASS","Label_Subjectivity":"S","Label_ComparisionForm":"S","Label_Subjectivity_ComparisionForm":"SS","Label_SubjectivityType":"A"}
{"Question":"What do people complaint on the screen of apple ipod touch?","Label_FSQD":"ASS","Label_Subjectivity":"S","Label_ComparisionForm":"S","Label_Subjectivity_ComparisionForm":"SS","Label_SubjectivityType":"A"}
{"Question":"Which is more preferring Apple iPod Touch or Sony NWZ?","Label_FSQD":"TCS","Label_Subjectivity":"S","Label_ComparisionForm":"C","Label_Subjectivity_ComparisionForm":"CS","Label_SubjectivityType":"T"}
{"Question":"Which is better Apple iPod Touch or Sony NWZ?","Label_FSQD":"TCS","Label_Subjectivity":"S","Label_ComparisionForm":"C","Label_Subjectivity_ComparisionForm":"CS","Label_SubjectivityType":"T"}
{"Question":"What reasons are given for preferring the apps in the apple ipod touch?","Label_FSQD":"RSS","Label_Subjectivity":"S","Label_ComparisionForm":"S","Label_Subjectivity_ComparisionForm":"SS","Label_SubjectivityType":"R"}
{"Question":"Why do people complaint on the jail breaking of apple ipod touch?","Label_FSQD":"RSS","Label_Subjectivity":"S","Label_ComparisionForm":"S","Label_Subjectivity_ComparisionForm":"SS","Label_SubjectivityType":"R"}
{"Question":"Do people find it is difficult to get Internet access in Apple Ipod Touch?","Label_FSQD":"YSS","Label_Subjectivity":"S","Label_ComparisionForm":"S","Label_Subjectivity_ComparisionForm":"SS","Label_SubjectivityType":"Y"}
{"Question":"Do you think the Apple iPod Touch is easy to broken?","Label_FSQD":"YSS","Label_Subjectivity":"S","Label_ComparisionForm":"S","Label_Subjectivity_ComparisionForm":"SS","Label_SubjectivityType":"Y"}
{"Question":"Is it cost too much to get an apple ipod touch?","Label_FSQD":"YSS","Label_Subjectivity":"S","Label_ComparisionForm":"S","Label_Subjectivity_ComparisionForm":"SS","Label_SubjectivityType":"Y"}
{"Question":"How Much Is This Apple iPod Touch 4th Generation 8GB?","Label_FSQD":"NSO","Label_Subjectivity":"O","Label_ComparisionForm":"S","Label_Subjectivity_ComparisionForm":"SO","Label_SubjectivityType":"N"}
{"Question":"Where is the music function in your Apple Ipod Touch 16gb?","Label_FSQD":"NSO","Label_Subjectivity":"O","Label_ComparisionForm":"S","Label_Subjectivity_ComparisionForm":"SO","Label_SubjectivityType":"N"}
{"Question":"How much is the apple ipod touch 2nd gen 2nd hand?","Label_FSQD":"NSO","Label_Subjectivity":"O","Label_ComparisionForm":"S","Label_Subjectivity_ComparisionForm":"SO","Label_SubjectivityType":"N"}
{"Question":"What is jail break in apple ipod touch?","Label_FSQD":"NSO","Label_Subjectivity":"O","Label_ComparisionForm":"S","Label_Subjectivity_ComparisionForm":"SO","Label_SubjectivityType":"N"}
{"Question":"What is the preorder in the new Apple ipod touch?","Label_FSQD":"NSO","Label_Subjectivity":"O","Label_ComparisionForm":"S","Label_Subjectivity_ComparisionForm":"SO","Label_SubjectivityType":"N"}
{"Question":"Is an Apple ipod touch very fragile and easily broken.","Label_FSQD":"YSS","Label_Subjectivity":"S","Label_ComparisionForm":"S","Label_Subjectivity_ComparisionForm":"SS","Label_SubjectivityType":"Y"}
{"Question":"Why do people think Apple ipod touch is big and inconveniently for carrying?","Label_FSQD":"RSS","Label_Subjectivity":"S","Label_ComparisionForm":"S","Label_Subjectivity_ComparisionForm":"SS","Label_SubjectivityType":"R"}
{"Question":"Do people think Apple ipod touch is glossy and shiny?","Label_FSQD":"YSS","Label_Subjectivity":"S","Label_ComparisionForm":"S","Label_Subjectivity_ComparisionForm":"SS","Label_SubjectivityType":"Y"}
{"Question":"Why do everyone think Apple ipod Touch work faster?","Label_FSQD":"RSS","Label_Subjectivity":"S","Label_ComparisionForm":"S","Label_Subjectivity_ComparisionForm":"SS","Label_SubjectivityType":"R"}
{"Question":"How do people think Apple iPod touch is more heavier than others?","Label_FSQD":"ACS","Label_Subjectivity":"S","Label_ComparisionForm":"C","Label_Subjectivity_ComparisionForm":"CS","Label_SubjectivityType":"A"}
{"Question":"What is people's opinions on the 7 hr battery life of apple macbook pro?","Label_FSQD":"ASS","Label_Subjectivity":"S","Label_ComparisionForm":"S","Label_Subjectivity_ComparisionForm":"SS","Label_SubjectivityType":"A"}
{"Question":"What are public opinions on apple macbook pro?","Label_FSQD":"ASS","Label_Subjectivity":"S","Label_ComparisionForm":"S","Label_Subjectivity_ComparisionForm":"SS","Label_SubjectivityType":"A"}
{"Question":"What is the negative opinions about apple macbook?","Label_FSQD":"ASS","Label_Subjectivity":"S","Label_ComparisionForm":"S","Label_Subjectivity_ComparisionForm":"SS","Label_SubjectivityType":"A"}
{"Question":"Which player do people prefer, apple macbook pro or samsung nc10?","Label_FSQD":"TCS","Label_Subjectivity":"S","Label_ComparisionForm":"C","Label_Subjectivity_ComparisionForm":"CS","Label_SubjectivityType":"T"}
{"Question":"Which laptop is better, apple macbook pro or samsung nc10?","Label_FSQD":"TCS","Label_Subjectivity":"S","Label_ComparisionForm":"C","Label_Subjectivity_ComparisionForm":"CS","Label_SubjectivityType":"T"}
{"Question":"Why people recommend the silver Apple Macbook pro instead of white?","Label_FSQD":"RCS","Label_Subjectivity":"S","Label_ComparisionForm":"C","Label_Subjectivity_ComparisionForm":"CS","Label_SubjectivityType":"R"}
{"Question":"Why do people suggest to change their apple macbook pro design?","Label_FSQD":"RSS","Label_Subjectivity":"S","Label_ComparisionForm":"S","Label_Subjectivity_ComparisionForm":"SS","Label_SubjectivityType":"R"}
{"Question":"Do you think it is a good idea to get an apple macbook pro?","Label_FSQD":"YSS","Label_Subjectivity":"S","Label_ComparisionForm":"S","Label_Subjectivity_ComparisionForm":"SS","Label_SubjectivityType":"Y"}
{"Question":"Is apple macbook pro a bad choice for videos editing?","Label_FSQD":"YSS","Label_Subjectivity":"S","Label_ComparisionForm":"S","Label_Subjectivity_ComparisionForm":"SS","Label_SubjectivityType":"Y"}
{"Question":"Is Apple Macbook Pro laptop a good computer for playing games like Starcraft II?","Label_FSQD":"YSS","Label_Subjectivity":"S","Label_ComparisionForm":"S","Label_Subjectivity_ComparisionForm":"SS","Label_SubjectivityType":"Y"}
{"Question":"When will the Apple Macbook Pro come out?","Label_FSQD":"NSO","Label_Subjectivity":"O","Label_ComparisionForm":"S","Label_Subjectivity_ComparisionForm":"SO","Label_SubjectivityType":"N"}
{"Question":"Where are my programs in an Apple MacBook Pro?","Label_FSQD":"NSO","Label_Subjectivity":"O","Label_ComparisionForm":"S","Label_Subjectivity_ComparisionForm":"SO","Label_SubjectivityType":"N"}
{"Question":"What is the security in an apple macbook pro?","Label_FSQD":"NSO","Label_Subjectivity":"O","Label_ComparisionForm":"S","Label_Subjectivity_ComparisionForm":"SO","Label_SubjectivityType":"N"}
{"Question":"What is the Highest RAM upgrade in the Apple MacBook Pro MD318LL\/A 15.4-Inch Laptop\/?","Label_FSQD":"NSO","Label_Subjectivity":"O","Label_ComparisionForm":"S","Label_Subjectivity_ComparisionForm":"SO","Label_SubjectivityType":"N"}
{"Question":"What surge protector to use for my apple macbook pro?","Label_FSQD":"NSO","Label_Subjectivity":"O","Label_ComparisionForm":"S","Label_Subjectivity_ComparisionForm":"SO","Label_SubjectivityType":"N"}
{"Question":"Is Apple MacBook Pro easy to crash?","Label_FSQD":"YSS","Label_Subjectivity":"S","Label_ComparisionForm":"S","Label_Subjectivity_ComparisionForm":"SS","Label_SubjectivityType":"Y"}
{"Question":"Why do people think Apple MacBook Pro is cheaper?","Label_FSQD":"RSS","Label_Subjectivity":"S","Label_ComparisionForm":"S","Label_Subjectivity_ComparisionForm":"SS","Label_SubjectivityType":"R"}
{"Question":"Do people think they can enjoy the euphonious album in Apple MacBook Pro?","Label_FSQD":"YSS","Label_Subjectivity":"S","Label_ComparisionForm":"S","Label_Subjectivity_ComparisionForm":"SS","Label_SubjectivityType":"Y"}
{"Question":"What compliments are made concerning the thinner of Apple MacBook Pro?","Label_FSQD":"ASS","Label_Subjectivity":"S","Label_ComparisionForm":"S","Label_Subjectivity_ComparisionForm":"SS","Label_SubjectivityType":"A"}
{"Question":"What reasons do everyone think Apple MacBook Pro is safe?","Label_FSQD":"RSS","Label_Subjectivity":"S","Label_ComparisionForm":"S","Label_Subjectivity_ComparisionForm":"SS","Label_SubjectivityType":"R"}
{"Question":"How do you feel about the ringtone of blackBerry bold 9700?","Label_FSQD":"ASS","Label_Subjectivity":"S","Label_ComparisionForm":"S","Label_Subjectivity_ComparisionForm":"SS","Label_SubjectivityType":"A"}
{"Question":"What complaints are made concerning blackBerry bold 9700?","Label_FSQD":"ASS","Label_Subjectivity":"S","Label_ComparisionForm":"S","Label_Subjectivity_ComparisionForm":"SS","Label_SubjectivityType":"A"}
{"Question":"What objections did people have toward blackBerry bold 9700?","Label_FSQD":"ASS","Label_Subjectivity":"S","Label_ComparisionForm":"S","Label_Subjectivity_ComparisionForm":"SS","Label_SubjectivityType":"A"}
{"Question":"Which cellphone is better, blackBerry bold 9700 or iphone 3gs?","Label_FSQD":"TCS","Label_Subjectivity":"S","Label_ComparisionForm":"C","Label_Subjectivity_ComparisionForm":"CS","Label_SubjectivityType":"T"}
{"Question":"Which one do you prefer blackBerry bold 9700 or iphone 3gs?","Label_FSQD":"TCS","Label_Subjectivity":"S","Label_ComparisionForm":"C","Label_Subjectivity_ComparisionForm":"CS","Label_SubjectivityType":"T"}
{"Question":"What reasons did commenters give for their negative opinions on the keyboard of blackBerry bold 9700?","Label_FSQD":"RSS","Label_Subjectivity":"S","Label_ComparisionForm":"S","Label_Subjectivity_ComparisionForm":"SS","Label_SubjectivityType":"R"}
{"Question":"What reasons did commenters give for their positive opinions on the camera of blackBerry bold 9700?","Label_FSQD":"RSS","Label_Subjectivity":"S","Label_ComparisionForm":"S","Label_Subjectivity_ComparisionForm":"SS","Label_SubjectivityType":"R"}
{"Question":"Is the screen of Blackberry Bold 9700 too sensitive?","Label_FSQD":"YSS","Label_Subjectivity":"S","Label_ComparisionForm":"S","Label_Subjectivity_ComparisionForm":"SS","Label_SubjectivityType":"Y"}
{"Question":"Is it worth getting the Blackberry Bold 9700?","Label_FSQD":"YSS","Label_Subjectivity":"S","Label_ComparisionForm":"S","Label_Subjectivity_ComparisionForm":"SS","Label_SubjectivityType":"Y"}
{"Question":"Is it a good choice to get a blackBerry bold 9700?","Label_FSQD":"YSS","Label_Subjectivity":"S","Label_ComparisionForm":"S","Label_Subjectivity_ComparisionForm":"SS","Label_SubjectivityType":"Y"}
{"Question":"What size sim card does the blackberry bold 9700 have?","Label_FSQD":"NSO","Label_Subjectivity":"O","Label_ComparisionForm":"S","Label_Subjectivity_ComparisionForm":"SO","Label_SubjectivityType":"N"}
{"Question":"What is the policy to get the data service of Blackberry Bold 9700?","Label_FSQD":"NSO","Label_Subjectivity":"O","Label_ComparisionForm":"S","Label_Subjectivity_ComparisionForm":"SO","Label_SubjectivityType":"N"}
{"Question":"Where is the Opera Mini on my blackberry bold 9700?","Label_FSQD":"NSO","Label_Subjectivity":"O","Label_ComparisionForm":"S","Label_Subjectivity_ComparisionForm":"SO","Label_SubjectivityType":"N"}
{"Question":"Where to find the battery life on my Blackberry Bold 9700?","Label_FSQD":"NSO","Label_Subjectivity":"O","Label_ComparisionForm":"S","Label_Subjectivity_ComparisionForm":"SO","Label_SubjectivityType":"N"}
{"Question":"What is the phone below the blackberry bold 9700 called?","Label_FSQD":"NSO","Label_Subjectivity":"O","Label_ComparisionForm":"S","Label_Subjectivity_ComparisionForm":"SO","Label_SubjectivityType":"N"}
{"Question":"Why do reviewers think BlackBerry Bold 9700 is fragile?","Label_FSQD":"RSS","Label_Subjectivity":"S","Label_ComparisionForm":"S","Label_Subjectivity_ComparisionForm":"SS","Label_SubjectivityType":"R"}
{"Question":"Do recommers think BlackBerry Bold 9700 is quite slow?","Label_FSQD":"YSS","Label_Subjectivity":"S","Label_ComparisionForm":"S","Label_Subjectivity_ComparisionForm":"SS","Label_SubjectivityType":"Y"}
{"Question":"What do people think BlackBerry Bold 9700 is thicker than others?","Label_FSQD":"ACS","Label_Subjectivity":"S","Label_ComparisionForm":"C","Label_Subjectivity_ComparisionForm":"CS","Label_SubjectivityType":"A"}
{"Question":"Does BlackBerry Bold 9700 play clearly?","Label_FSQD":"YSS","Label_Subjectivity":"S","Label_ComparisionForm":"S","Label_Subjectivity_ComparisionForm":"SS","Label_SubjectivityType":"Y"}
{"Question":"What do people think that BlackBerry Bold 9700 is so heavy?","Label_FSQD":"ASS","Label_Subjectivity":"S","Label_ComparisionForm":"S","Label_Subjectivity_ComparisionForm":"SS","Label_SubjectivityType":"A"}
{"Question":"What do you think of the canon eos 450d?","Label_FSQD":"ASS","Label_Subjectivity":"S","Label_ComparisionForm":"S","Label_Subjectivity_ComparisionForm":"SS","Label_SubjectivityType":"A"}
{"Question":"What do everyone think about the falsh of canon eos 450d?","Label_FSQD":"ASS","Label_Subjectivity":"S","Label_ComparisionForm":"S","Label_Subjectivity_ComparisionForm":"SS","Label_SubjectivityType":"A"}
{"Question":"What complaints were expressed about getting a canon eos 450d?","Label_FSQD":"ASS","Label_Subjectivity":"S","Label_ComparisionForm":"S","Label_Subjectivity_ComparisionForm":"SS","Label_SubjectivityType":"A"}
{"Question":"Which camera is better, a canon eos 450d or Fujifilm Finepix?","Label_FSQD":"TCS","Label_Subjectivity":"S","Label_ComparisionForm":"C","Label_Subjectivity_ComparisionForm":"CS","Label_SubjectivityType":"T"}
{"Question":"Which one is better, canon eos 450d or Fujifilm Finepix?","Label_FSQD":"TCS","Label_Subjectivity":"S","Label_ComparisionForm":"C","Label_Subjectivity_ComparisionForm":"CS","Label_SubjectivityType":"T"}
{"Question":"What reason do users complaint about the lens adapter of canon eos 450d?","Label_FSQD":"RSS","Label_Subjectivity":"S","Label_ComparisionForm":"S","Label_Subjectivity_ComparisionForm":"SS","Label_SubjectivityType":"R"}
{"Question":"Why do people recommend the lens of canon eos 450d?","Label_FSQD":"RSS","Label_Subjectivity":"S","Label_ComparisionForm":"S","Label_Subjectivity_ComparisionForm":"SS","Label_SubjectivityType":"R"}
{"Question":"Is the canon eos 450d easy to focus?","Label_FSQD":"YSS","Label_Subjectivity":"S","Label_ComparisionForm":"S","Label_Subjectivity_ComparisionForm":"SS","Label_SubjectivityType":"Y"}
{"Question":"Is the canon eos 450d quite heavy?","Label_FSQD":"YSS","Label_Subjectivity":"S","Label_ComparisionForm":"S","Label_Subjectivity_ComparisionForm":"SS","Label_SubjectivityType":"Y"}
{"Question":"Do people prefer to get canon eos 450d?","Label_FSQD":"YSS","Label_Subjectivity":"S","Label_ComparisionForm":"S","Label_Subjectivity_ComparisionForm":"SS","Label_SubjectivityType":"Y"}
{"Question":"What ppi does the Canon EOS 450d Rebel XS capture images at?","Label_FSQD":"NSO","Label_Subjectivity":"O","Label_ComparisionForm":"S","Label_Subjectivity_ComparisionForm":"SO","Label_SubjectivityType":"N"}
{"Question":"What kind of lens in the Canon EOS 450D?","Label_FSQD":"NSO","Label_Subjectivity":"O","Label_ComparisionForm":"S","Label_Subjectivity_ComparisionForm":"SO","Label_SubjectivityType":"N"}
{"Question":"What is the image stabilization in the body of the Canon EOS 450D?","Label_FSQD":"NSO","Label_Subjectivity":"O","Label_ComparisionForm":"S","Label_Subjectivity_ComparisionForm":"SO","Label_SubjectivityType":"N"}
{"Question":"What photoshop\/editing programs should I use for the Canon EOS 450D?","Label_FSQD":"NSO","Label_Subjectivity":"O","Label_ComparisionForm":"S","Label_Subjectivity_ComparisionForm":"SO","Label_SubjectivityType":"N"}
{"Question":"What kind of battery is needed for a Canon EOS 450D Film Camera?","Label_FSQD":"NSO","Label_Subjectivity":"O","Label_ComparisionForm":"S","Label_Subjectivity_ComparisionForm":"SO","Label_SubjectivityType":"N"}
{"Question":"How do people think Canon EOS 450D costs more than others?","Label_FSQD":"ACS","Label_Subjectivity":"S","Label_ComparisionForm":"C","Label_Subjectivity_ComparisionForm":"CS","Label_SubjectivityType":"A"}
{"Question":"Why do people think Canon EOS 450D can work durably?","Label_FSQD":"RSS","Label_Subjectivity":"S","Label_ComparisionForm":"S","Label_Subjectivity_ComparisionForm":"SS","Label_SubjectivityType":"R"}
{"Question":"Do people think Canon EOS 450D is quite big?","Label_FSQD":"YSS","Label_Subjectivity":"S","Label_ComparisionForm":"S","Label_Subjectivity_ComparisionForm":"SS","Label_SubjectivityType":"Y"}
{"Question":"What reasons do people think Canon EOS 450d can work faster?","Label_FSQD":"RSS","Label_Subjectivity":"S","Label_ComparisionForm":"S","Label_Subjectivity_ComparisionForm":"SS","Label_SubjectivityType":"R"}
{"Question":"Is Canon EOS 450d quite dazzled?","Label_FSQD":"YSS","Label_Subjectivity":"S","Label_ComparisionForm":"S","Label_Subjectivity_ComparisionForm":"SS","Label_SubjectivityType":"Y"}
{"Question":"What do you think of the Fujifilm Finepix?","Label_FSQD":"ASS","Label_Subjectivity":"S","Label_ComparisionForm":"S","Label_Subjectivity_ComparisionForm":"SS","Label_SubjectivityType":"A"}
{"Question":"What complaints do people have on the driver of fujifilm finepix?","Label_FSQD":"ASS","Label_Subjectivity":"S","Label_ComparisionForm":"S","Label_Subjectivity_ComparisionForm":"SS","Label_SubjectivityType":"A"}
{"Question":"What compliments are made concerning the memory of fujifilm finepix?","Label_FSQD":"ASS","Label_Subjectivity":"S","Label_ComparisionForm":"S","Label_Subjectivity_ComparisionForm":"SS","Label_SubjectivityType":"A"}
{"Question":"Which one do you think is better, canon eos 450d or panasonic lumix dmc?","Label_FSQD":"TCS","Label_Subjectivity":"S","Label_ComparisionForm":"C","Label_Subjectivity_ComparisionForm":"CS","Label_SubjectivityType":"T"}
{"Question":"Debating what camera to get: canon eos 450d or fujifilm finepix?","Label_FSQD":"TCS","Label_Subjectivity":"S","Label_ComparisionForm":"C","Label_Subjectivity_ComparisionForm":"CS","Label_SubjectivityType":"T"}
{"Question":"What reasons can be given to my patents for liking the lens of fujifilm finepix?","Label_FSQD":"RSS","Label_Subjectivity":"S","Label_ComparisionForm":"S","Label_Subjectivity_ComparisionForm":"SS","Label_SubjectivityType":"R"}
{"Question":"Why do people hate the USB cable of the fujifilm finepix camera?","Label_FSQD":"RSS","Label_Subjectivity":"S","Label_ComparisionForm":"S","Label_Subjectivity_ComparisionForm":"SS","Label_SubjectivityType":"R"}
{"Question":"Is fujifilm finepix camera the right one to buy?","Label_FSQD":"YSS","Label_Subjectivity":"S","Label_ComparisionForm":"S","Label_Subjectivity_ComparisionForm":"SS","Label_SubjectivityType":"Y"}
{"Question":"Is fujifilm finepix camera easy to use?","Label_FSQD":"YSS","Label_Subjectivity":"S","Label_ComparisionForm":"S","Label_Subjectivity_ComparisionForm":"SS","Label_SubjectivityType":"Y"}
{"Question":"Do people think fujifilm finepix cost too much?","Label_FSQD":"YSS","Label_Subjectivity":"S","Label_ComparisionForm":"S","Label_Subjectivity_ComparisionForm":"SS","Label_SubjectivityType":"Y"}
{"Question":"What is the price of fujifilm finepix digital camera?","Label_FSQD":"NSO","Label_Subjectivity":"O","Label_ComparisionForm":"S","Label_Subjectivity_ComparisionForm":"SO","Label_SubjectivityType":"N"}
{"Question":"Where can I purchase a new battery charger for my Fujifilm FinePix camera?","Label_FSQD":"NSO","Label_Subjectivity":"O","Label_ComparisionForm":"S","Label_Subjectivity_ComparisionForm":"SO","Label_SubjectivityType":"N"}
{"Question":"What program do I use to upload photos from Fujifilm Finepix to Windows2000?","Label_FSQD":"NSO","Label_Subjectivity":"O","Label_ComparisionForm":"S","Label_Subjectivity_ComparisionForm":"SO","Label_SubjectivityType":"N"}
{"Question":"What can I do to help the image quality not be blurry in Fujifilm Finepix?","Label_FSQD":"NSO","Label_Subjectivity":"O","Label_ComparisionForm":"S","Label_Subjectivity_ComparisionForm":"SO","Label_SubjectivityType":"N"}
{"Question":"What type of memory card used in a Fujifilm FinePix 10-Megapixel Digital Camera?","Label_FSQD":"NSO","Label_Subjectivity":"O","Label_ComparisionForm":"S","Label_Subjectivity_ComparisionForm":"SO","Label_SubjectivityType":"N"}
{"Question":"What do people think Fujifilm Finepix can save moneys?","Label_FSQD":"ASS","Label_Subjectivity":"S","Label_ComparisionForm":"S","Label_Subjectivity_ComparisionForm":"SS","Label_SubjectivityType":"A"}
{"Question":"Why do reviewers think Fujifilm Finepix can not work durably?","Label_FSQD":"RSS","Label_Subjectivity":"S","Label_ComparisionForm":"S","Label_Subjectivity_ComparisionForm":"SS","Label_SubjectivityType":"R"}
{"Question":"Do commenters think that Fujifilm Finepix is quite big?","Label_FSQD":"YSS","Label_Subjectivity":"S","Label_ComparisionForm":"S","Label_Subjectivity_ComparisionForm":"SS","Label_SubjectivityType":"Y"}
{"Question":"Can you provide me reasons to persuade my wife that Fujifilm Finepix work quite slow?","Label_FSQD":"RSS","Label_Subjectivity":"S","Label_ComparisionForm":"S","Label_Subjectivity_ComparisionForm":"SS","Label_SubjectivityType":"R"}
{"Question":"Do you think Fujifilm Finepix is quite dazzled?","Label_FSQD":"YSS","Label_Subjectivity":"S","Label_ComparisionForm":"S","Label_Subjectivity_ComparisionForm":"SS","Label_SubjectivityType":"Y"}
{"Question":"Do people think the iphone 3gs will be popular like the razr?","Label_FSQD":"ACS","Label_Subjectivity":"S","Label_ComparisionForm":"C","Label_Subjectivity_ComparisionForm":"CS","Label_SubjectivityType":"A"}
{"Question":"What do you think about your iPhone 3gs, the like and dislike?","Label_FSQD":"ASS","Label_Subjectivity":"S","Label_ComparisionForm":"S","Label_Subjectivity_ComparisionForm":"SS","Label_SubjectivityType":"A"}
{"Question":"Which one do you think is better: the iPhone 3gs, or the nokia n95?","Label_FSQD":"TCS","Label_Subjectivity":"S","Label_ComparisionForm":"C","Label_Subjectivity_ComparisionForm":"CS","Label_SubjectivityType":"T"}
{"Question":"What features of iphone 3gs are disliked by reviewers?","Label_FSQD":"TSS","Label_Subjectivity":"S","Label_ComparisionForm":"S","Label_Subjectivity_ComparisionForm":"SS","Label_SubjectivityType":"T"}
{"Question":"What reasons do people give for preferring iPhone 3gs?","Label_FSQD":"RSS","Label_Subjectivity":"S","Label_ComparisionForm":"S","Label_Subjectivity_ComparisionForm":"SS","Label_SubjectivityType":"R"}
{"Question":"Why do people prefer the virtual keyboard for texting in iphone 3gs?","Label_FSQD":"RSS","Label_Subjectivity":"S","Label_ComparisionForm":"S","Label_Subjectivity_ComparisionForm":"SS","Label_SubjectivityType":"R"}
{"Question":"Why do so many people dislike the iPhone 3gs?","Label_FSQD":"RSS","Label_Subjectivity":"S","Label_ComparisionForm":"S","Label_Subjectivity_ComparisionForm":"SS","Label_SubjectivityType":"R"}
{"Question":"Is it worth it to buy a iPhone 3gs?","Label_FSQD":"YSS","Label_Subjectivity":"S","Label_ComparisionForm":"S","Label_Subjectivity_ComparisionForm":"SS","Label_SubjectivityType":"Y"}
{"Question":"Is it smart to get an iPhone 3gs at the moment?","Label_FSQD":"YSS","Label_Subjectivity":"S","Label_ComparisionForm":"S","Label_Subjectivity_ComparisionForm":"SS","Label_SubjectivityType":"Y"}
{"Question":"Is battery life on the iPhone 3gs too bad?","Label_FSQD":"YSS","Label_Subjectivity":"S","Label_ComparisionForm":"S","Label_Subjectivity_ComparisionForm":"SS","Label_SubjectivityType":"Y"}
{"Question":"What iPhone software can the the 3GS be updated to when you jailbreak it?","Label_FSQD":"NSO","Label_Subjectivity":"O","Label_ComparisionForm":"S","Label_Subjectivity_ComparisionForm":"SO","Label_SubjectivityType":"N"}
{"Question":"What type of sim card on tmobile does the iphone 3gs take?","Label_FSQD":"NSO","Label_Subjectivity":"O","Label_ComparisionForm":"S","Label_Subjectivity_ComparisionForm":"SO","Label_SubjectivityType":"N"}
{"Question":"What is Jailbreaking an iPhone 3GS?","Label_FSQD":"NSO","Label_Subjectivity":"O","Label_ComparisionForm":"S","Label_Subjectivity_ComparisionForm":"SO","Label_SubjectivityType":"N"}
{"Question":"What is the data plan when i use my iphone 3gs?","Label_FSQD":"NSO","Label_Subjectivity":"O","Label_ComparisionForm":"S","Label_Subjectivity_ComparisionForm":"SO","Label_SubjectivityType":"N"}
{"Question":"How much for unlimited everything in the iphone 3gs per month?","Label_FSQD":"NSO","Label_Subjectivity":"O","Label_ComparisionForm":"S","Label_Subjectivity_ComparisionForm":"SO","Label_SubjectivityType":"N"}
{"Question":"Does anyone think it is expensive to get a iPhone 3GS?","Label_FSQD":"YSS","Label_Subjectivity":"S","Label_ComparisionForm":"S","Label_Subjectivity_ComparisionForm":"SS","Label_SubjectivityType":"Y"}
{"Question":"Why do people think iPhone 3GS is fragile?","Label_FSQD":"RSS","Label_Subjectivity":"S","Label_ComparisionForm":"S","Label_Subjectivity_ComparisionForm":"SS","Label_SubjectivityType":"R"}
{"Question":"What do reviewers think iPhone 3GS is thicker than others?","Label_FSQD":"ACS","Label_Subjectivity":"S","Label_ComparisionForm":"C","Label_Subjectivity_ComparisionForm":"CS","Label_SubjectivityType":"A"}
{"Question":"What reasons do people think iphone 3gs works quite fast?","Label_FSQD":"RSS","Label_Subjectivity":"S","Label_ComparisionForm":"S","Label_Subjectivity_ComparisionForm":"SS","Label_SubjectivityType":"R"}
{"Question":"What do people think that iphone 3gs is lighter than other phones?","Label_FSQD":"ACS","Label_Subjectivity":"S","Label_ComparisionForm":"C","Label_Subjectivity_ComparisionForm":"CS","Label_SubjectivityType":"A"}
{"Question":"What do you think about the Nokia 5800?","Label_FSQD":"ASS","Label_Subjectivity":"S","Label_ComparisionForm":"S","Label_Subjectivity_ComparisionForm":"SS","Label_SubjectivityType":"A"}
{"Question":"What complaints do users of Nokia 5800 have?","Label_FSQD":"ASS","Label_Subjectivity":"S","Label_ComparisionForm":"S","Label_Subjectivity_ComparisionForm":"SS","Label_SubjectivityType":"A"}
{"Question":"Which one should I buy, Nokia 5800 XpressMusic or Nokia N95?","Label_FSQD":"TCS","Label_Subjectivity":"S","Label_ComparisionForm":"C","Label_Subjectivity_ComparisionForm":"CS","Label_SubjectivityType":"T"}
{"Question":"Which do you think is the better phone: Nokia N95 or Nokia 5800?","Label_FSQD":"TCS","Label_Subjectivity":"S","Label_ComparisionForm":"C","Label_Subjectivity_ComparisionForm":"CS","Label_SubjectivityType":"T"}
{"Question":"What reasons did people give for liking Nokia 5800?","Label_FSQD":"RSS","Label_Subjectivity":"S","Label_ComparisionForm":"S","Label_Subjectivity_ComparisionForm":"SS","Label_SubjectivityType":"R"}
{"Question":"What reasons did people give for disliking the video calling of Nokia 5800?","Label_FSQD":"RSS","Label_Subjectivity":"S","Label_ComparisionForm":"S","Label_Subjectivity_ComparisionForm":"SS","Label_SubjectivityType":"R"}
{"Question":"Why do people complaint on the memory of Nokia 5800?","Label_FSQD":"RSS","Label_Subjectivity":"S","Label_ComparisionForm":"S","Label_Subjectivity_ComparisionForm":"SS","Label_SubjectivityType":"R"}
{"Question":"Is getting an Nokia 5800 a waste of money?","Label_FSQD":"YSS","Label_Subjectivity":"S","Label_ComparisionForm":"S","Label_Subjectivity_ComparisionForm":"SS","Label_SubjectivityType":"Y"}
{"Question":"Is the music quality great in the Nokia 5800 Xpress Music?","Label_FSQD":"YSS","Label_Subjectivity":"S","Label_ComparisionForm":"S","Label_Subjectivity_ComparisionForm":"SS","Label_SubjectivityType":"Y"}
{"Question":"Is it good to buy a nokia 5800 express music?","Label_FSQD":"YSS","Label_Subjectivity":"S","Label_ComparisionForm":"S","Label_Subjectivity_ComparisionForm":"SS","Label_SubjectivityType":"Y"}
{"Question":"How much is the Nokia 5800 XpressMusic V40 in the Philippines?","Label_FSQD":"NSO","Label_Subjectivity":"O","Label_ComparisionForm":"S","Label_Subjectivity_ComparisionForm":"SO","Label_SubjectivityType":"N"}
{"Question":"How much does the Nokia 5800 cost in singapore?","Label_FSQD":"NSO","Label_Subjectivity":"O","Label_ComparisionForm":"S","Label_Subjectivity_ComparisionForm":"SO","Label_SubjectivityType":"N"}
{"Question":"What is the cost of nokia 5800 express music moblie in bangalore?","Label_FSQD":"NSO","Label_Subjectivity":"O","Label_ComparisionForm":"S","Label_Subjectivity_ComparisionForm":"SO","Label_SubjectivityType":"N"}
{"Question":"What is the latest price of Nokia 5800 in India after the 2010?","Label_FSQD":"NSO","Label_Subjectivity":"O","Label_ComparisionForm":"S","Label_Subjectivity_ComparisionForm":"SO","Label_SubjectivityType":"N"}
{"Question":"What is the GPS Positioning on my Nokia 5800?","Label_FSQD":"NSO","Label_Subjectivity":"O","Label_ComparisionForm":"S","Label_Subjectivity_ComparisionForm":"SO","Label_SubjectivityType":"N"}
{"Question":"Do people think Nokia 5800 is quite solid?","Label_FSQD":"YSS","Label_Subjectivity":"S","Label_ComparisionForm":"S","Label_Subjectivity_ComparisionForm":"SS","Label_SubjectivityType":"Y"}
{"Question":"Why do people think Nokia 5800 works too slow?","Label_FSQD":"RSS","Label_Subjectivity":"S","Label_ComparisionForm":"S","Label_Subjectivity_ComparisionForm":"SS","Label_SubjectivityType":"R"}
{"Question":"How do people think that Nokia 5800 can play clearly?","Label_FSQD":"ASS","Label_Subjectivity":"S","Label_ComparisionForm":"S","Label_Subjectivity_ComparisionForm":"SS","Label_SubjectivityType":"A"}
{"Question":"What reasons do people think Nokia 5800 work durably?","Label_FSQD":"RSS","Label_Subjectivity":"S","Label_ComparisionForm":"S","Label_Subjectivity_ComparisionForm":"SS","Label_SubjectivityType":"R"}
{"Question":"Is Nokia 5800 thinner than other phones?","Label_FSQD":"YCS","Label_Subjectivity":"S","Label_ComparisionForm":"C","Label_Subjectivity_ComparisionForm":"CS","Label_SubjectivityType":"Y"}
{"Question":"How do people think about the nokia n95?","Label_FSQD":"ASS","Label_Subjectivity":"S","Label_ComparisionForm":"S","Label_Subjectivity_ComparisionForm":"SS","Label_SubjectivityType":"A"}
{"Question":"What complaints are people made concerning Nokia N95?","Label_FSQD":"ASS","Label_Subjectivity":"S","Label_ComparisionForm":"S","Label_Subjectivity_ComparisionForm":"SS","Label_SubjectivityType":"A"}
{"Question":"Which one do you prefer BlackBerry Bold or nokia n95?","Label_FSQD":"TCS","Label_Subjectivity":"S","Label_ComparisionForm":"C","Label_Subjectivity_ComparisionForm":"CS","Label_SubjectivityType":"T"}
{"Question":"Which on I should buy, Apple iphone 3gs or nokia n95 8gb?","Label_FSQD":"TCS","Label_Subjectivity":"S","Label_ComparisionForm":"C","Label_Subjectivity_ComparisionForm":"CS","Label_SubjectivityType":"T"}
{"Question":"What reasons can I persuade my wife that people prefer the battery of Nokia N95?","Label_FSQD":"RSS","Label_Subjectivity":"S","Label_ComparisionForm":"S","Label_Subjectivity_ComparisionForm":"SS","Label_SubjectivityType":"R"}
{"Question":"Why people dislike Nokia N95 handsets?","Label_FSQD":"RSS","Label_Subjectivity":"S","Label_ComparisionForm":"S","Label_Subjectivity_ComparisionForm":"SS","Label_SubjectivityType":"R"}
{"Question":"What reasons are given to convince my friends for not liking the speakers provided by nokia n95?","Label_FSQD":"RSS","Label_Subjectivity":"S","Label_ComparisionForm":"S","Label_Subjectivity_ComparisionForm":"SS","Label_SubjectivityType":"R"}
{"Question":"Does anyone else think this is a good deal for a nokia n95?","Label_FSQD":"YSS","Label_Subjectivity":"S","Label_ComparisionForm":"S","Label_Subjectivity_ComparisionForm":"SS","Label_SubjectivityType":"Y"}
{"Question":"Is the screen on my NOKIA N95 easy to smashed?","Label_FSQD":"YSS","Label_Subjectivity":"S","Label_ComparisionForm":"S","Label_Subjectivity_ComparisionForm":"SS","Label_SubjectivityType":"Y"}
{"Question":"Is the Nokia N95 better than a blackberry bold?","Label_FSQD":"YCS","Label_Subjectivity":"S","Label_ComparisionForm":"C","Label_Subjectivity_ComparisionForm":"CS","Label_SubjectivityType":"Y"}
{"Question":"What is the Buetooth passkey for a Nokia N95?","Label_FSQD":"NSO","Label_Subjectivity":"O","Label_ComparisionForm":"S","Label_Subjectivity_ComparisionForm":"SO","Label_SubjectivityType":"N"}
{"Question":"What is the function of the barcode application on the Nokia N95?","Label_FSQD":"NSO","Label_Subjectivity":"O","Label_ComparisionForm":"S","Label_Subjectivity_ComparisionForm":"SO","Label_SubjectivityType":"N"}
{"Question":"What games does nokia n95 have?","Label_FSQD":"NSO","Label_Subjectivity":"O","Label_ComparisionForm":"S","Label_Subjectivity_ComparisionForm":"SO","Label_SubjectivityType":"N"}
{"Question":"How do you check your phone number with a Nokia N95 8GB?","Label_FSQD":"NSO","Label_Subjectivity":"O","Label_ComparisionForm":"S","Label_Subjectivity_ComparisionForm":"SO","Label_SubjectivityType":"N"}
{"Question":"How can I send text messages on my Nokia N95?","Label_FSQD":"NSO","Label_Subjectivity":"O","Label_ComparisionForm":"S","Label_Subjectivity_ComparisionForm":"SO","Label_SubjectivityType":"N"}
{"Question":"Can you give me some reasons to convince my bothers that Nokia N95 can work durably?","Label_FSQD":"RSS","Label_Subjectivity":"S","Label_ComparisionForm":"S","Label_Subjectivity_ComparisionForm":"SS","Label_SubjectivityType":"R"}
{"Question":"What do reviewers think nokia n95 is heavier than others?","Label_FSQD":"RCS","Label_Subjectivity":"S","Label_ComparisionForm":"C","Label_Subjectivity_ComparisionForm":"CS","Label_SubjectivityType":"R"}
{"Question":"Do you think nokia n95 can reply faster?","Label_FSQD":"YSS","Label_Subjectivity":"S","Label_ComparisionForm":"S","Label_Subjectivity_ComparisionForm":"SS","Label_SubjectivityType":"Y"}
{"Question":"Why do people think nokia n95 is thinner?","Label_FSQD":"RSS","Label_Subjectivity":"S","Label_ComparisionForm":"S","Label_Subjectivity_ComparisionForm":"SS","Label_SubjectivityType":"R"}
{"Question":"How do people think that nokia n95 is more solid than others?","Label_FSQD":"ACS","Label_Subjectivity":"S","Label_ComparisionForm":"C","Label_Subjectivity_ComparisionForm":"CS","Label_SubjectivityType":"A"}
{"Question":"What criticisms have been made about panasonic lumix dmc?","Label_FSQD":"ASS","Label_Subjectivity":"S","Label_ComparisionForm":"S","Label_Subjectivity_ComparisionForm":"SS","Label_SubjectivityType":"A"}
{"Question":"What does everyone think of the panasonic lumix dmc?","Label_FSQD":"ASS","Label_Subjectivity":"S","Label_ComparisionForm":"S","Label_Subjectivity_ComparisionForm":"SS","Label_SubjectivityType":"A"}
{"Question":"How do people think about the filter size in panasonic lumix dmc?","Label_FSQD":"ASS","Label_Subjectivity":"S","Label_ComparisionForm":"S","Label_Subjectivity_ComparisionForm":"SS","Label_SubjectivityType":"A"}
{"Question":"Which camera do people recommend, panasonic lumix dmc or fujifilm finepix?","Label_FSQD":"TCS","Label_Subjectivity":"S","Label_ComparisionForm":"C","Label_Subjectivity_ComparisionForm":"CS","Label_SubjectivityType":"T"}
{"Question":"Should I buy a panasonic lumix dmc or a canon eos 450d?","Label_FSQD":"TCS","Label_Subjectivity":"S","Label_ComparisionForm":"C","Label_Subjectivity_ComparisionForm":"CS","Label_SubjectivityType":"T"}
{"Question":"Why do people think panasonic lumix dmc cost less money?","Label_FSQD":"RSS","Label_Subjectivity":"S","Label_ComparisionForm":"S","Label_Subjectivity_ComparisionForm":"SS","Label_SubjectivityType":"R"}
{"Question":"What reasons did commenters give for their positive opinions on the battery of panasonic lumix dmc?","Label_FSQD":"RSS","Label_Subjectivity":"S","Label_ComparisionForm":"S","Label_Subjectivity_ComparisionForm":"SS","Label_SubjectivityType":"R"}
{"Question":"Is the image quality of the panasonic lumix dmc too bad?","Label_FSQD":"YSS","Label_Subjectivity":"S","Label_ComparisionForm":"S","Label_Subjectivity_ComparisionForm":"SS","Label_SubjectivityType":"Y"}
{"Question":"Is the panasonic lumix dmc a good camera?","Label_FSQD":"YSS","Label_Subjectivity":"S","Label_ComparisionForm":"S","Label_Subjectivity_ComparisionForm":"SS","Label_SubjectivityType":"Y"}
{"Question":"Does the panasonic lumix dmc last long after one charge?","Label_FSQD":"YSS","Label_Subjectivity":"S","Label_ComparisionForm":"S","Label_Subjectivity_ComparisionForm":"SS","Label_SubjectivityType":"Y"}
{"Question":"What lenses can i use with a panasonic lumix dmc g10k?","Label_FSQD":"NSO","Label_Subjectivity":"O","Label_ComparisionForm":"S","Label_Subjectivity_ComparisionForm":"SO","Label_SubjectivityType":"N"}
{"Question":"What kinda memory card do i need for a Panasonic Lumix DMC-TS3?","Label_FSQD":"NSO","Label_Subjectivity":"O","Label_ComparisionForm":"S","Label_Subjectivity_ComparisionForm":"SO","Label_SubjectivityType":"N"}
{"Question":"What lenses currently work with the Panasonic Lumix DMC GF1?","Label_FSQD":"NSO","Label_Subjectivity":"O","Label_ComparisionForm":"S","Label_Subjectivity_ComparisionForm":"SO","Label_SubjectivityType":"N"}
{"Question":"What do the letters mean at the end of the panasonic lumix dmc?","Label_FSQD":"NSO","Label_Subjectivity":"O","Label_ComparisionForm":"S","Label_Subjectivity_ComparisionForm":"SO","Label_SubjectivityType":"N"}
{"Question":"What alternative lenses are there for a panasonic lumix dmc?","Label_FSQD":"NSO","Label_Subjectivity":"O","Label_ComparisionForm":"S","Label_Subjectivity_ComparisionForm":"SO","Label_SubjectivityType":"N"}
{"Question":"Do people think that panasonic lumix dmc wastes dollars?","Label_FSQD":"YSS","Label_Subjectivity":"S","Label_ComparisionForm":"S","Label_Subjectivity_ComparisionForm":"SS","Label_SubjectivityType":"Y"}
{"Question":"Do people think panasonic lumix dmc can not work durably?","Label_FSQD":"YSS","Label_Subjectivity":"S","Label_ComparisionForm":"S","Label_Subjectivity_ComparisionForm":"SS","Label_SubjectivityType":"Y"}
{"Question":"Can you tell me reasons that panasonic lumix dmc work so slow?","Label_FSQD":"RSS","Label_Subjectivity":"S","Label_ComparisionForm":"S","Label_Subjectivity_ComparisionForm":"SS","Label_SubjectivityType":"R"}
{"Question":"What do people think panasonic lumix dmc is heavier than others?","Label_FSQD":"ACS","Label_Subjectivity":"S","Label_ComparisionForm":"C","Label_Subjectivity_ComparisionForm":"CS","Label_SubjectivityType":"A"}
{"Question":"How do reviewers think panasonic lumix dmc is quite small?","Label_FSQD":"ASS","Label_Subjectivity":"S","Label_ComparisionForm":"S","Label_Subjectivity_ComparisionForm":"SS","Label_SubjectivityType":"A"}
{"Question":"What do people complaint on the hot keys in Samsung NC10?","Label_FSQD":"ASS","Label_Subjectivity":"S","Label_ComparisionForm":"S","Label_Subjectivity_ComparisionForm":"SS","Label_SubjectivityType":"A"}
{"Question":"What do people think of laptop samsung nc10?","Label_FSQD":"ASS","Label_Subjectivity":"S","Label_ComparisionForm":"S","Label_Subjectivity_ComparisionForm":"SS","Label_SubjectivityType":"A"}
{"Question":"What do people advice on the battery of Samsung NC10 netbook?","Label_FSQD":"ASS","Label_Subjectivity":"S","Label_ComparisionForm":"S","Label_Subjectivity_ComparisionForm":"SS","Label_SubjectivityType":"A"}
{"Question":"Which one is better, samsung nc10 or apple macbook pro?","Label_FSQD":"TCS","Label_Subjectivity":"S","Label_ComparisionForm":"C","Label_Subjectivity_ComparisionForm":"CS","Label_SubjectivityType":"T"}
{"Question":"Which laptop do people perfer, samsung nc10 or apple macbook pro?","Label_FSQD":"TCS","Label_Subjectivity":"S","Label_ComparisionForm":"C","Label_Subjectivity_ComparisionForm":"CS","Label_SubjectivityType":"T"}
{"Question":"What reasons did people give for disliking the vedio playing in samsung nc10?","Label_FSQD":"RSS","Label_Subjectivity":"S","Label_ComparisionForm":"S","Label_Subjectivity_ComparisionForm":"SS","Label_SubjectivityType":"R"}
{"Question":"Why people dislike to buy a samsung nc10?","Label_FSQD":"RSS","Label_Subjectivity":"S","Label_ComparisionForm":"S","Label_Subjectivity_ComparisionForm":"SS","Label_SubjectivityType":"R"}
{"Question":"Does the netbook Samsung NC10 has the great battery life?","Label_FSQD":"YSS","Label_Subjectivity":"S","Label_ComparisionForm":"S","Label_Subjectivity_ComparisionForm":"SS","Label_SubjectivityType":"Y"}
{"Question":"Does the Samsung NC10 run as fast as normal laptop?","Label_FSQD":"YCS","Label_Subjectivity":"S","Label_ComparisionForm":"C","Label_Subjectivity_ComparisionForm":"CS","Label_SubjectivityType":"Y"}
{"Question":"Is it good to get a memory upgrade for the Samsung NC10 Netbook?","Label_FSQD":"YSS","Label_Subjectivity":"S","Label_ComparisionForm":"S","Label_Subjectivity_ComparisionForm":"SS","Label_SubjectivityType":"Y"}
{"Question":"What store sells the Samsung NC10 netbook?","Label_FSQD":"NSO","Label_Subjectivity":"O","Label_ComparisionForm":"S","Label_Subjectivity_ComparisionForm":"SO","Label_SubjectivityType":"N"}
{"Question":"What disk drive that can burn cds and dvds works for a samsung nc10 13gb?","Label_FSQD":"NSO","Label_Subjectivity":"O","Label_ComparisionForm":"S","Label_Subjectivity_ComparisionForm":"SO","Label_SubjectivityType":"N"}
{"Question":"What is the factory settings in Samsung NC10?","Label_FSQD":"NSO","Label_Subjectivity":"O","Label_ComparisionForm":"S","Label_Subjectivity_ComparisionForm":"SO","Label_SubjectivityType":"N"}
{"Question":"Where is the Wireless Switch on a Samsung NC10 netbook?","Label_FSQD":"NSO","Label_Subjectivity":"O","Label_ComparisionForm":"S","Label_Subjectivity_ComparisionForm":"SO","Label_SubjectivityType":"N"}
{"Question":"What website can i download games for my samsung NC10 on?","Label_FSQD":"NSO","Label_Subjectivity":"O","Label_ComparisionForm":"S","Label_Subjectivity_ComparisionForm":"SO","Label_SubjectivityType":"N"}
{"Question":"Do you think Samsung NC10is easy to crash?","Label_FSQD":"YSS","Label_Subjectivity":"S","Label_ComparisionForm":"S","Label_Subjectivity_ComparisionForm":"SS","Label_SubjectivityType":"Y"}
{"Question":"What reasons do people think Samsung NC10 is expensive?","Label_FSQD":"RSS","Label_Subjectivity":"S","Label_ComparisionForm":"S","Label_Subjectivity_ComparisionForm":"SS","Label_SubjectivityType":"R"}
{"Question":"What do reviewers think they can enjoy the euphonious album using Samsung NC10?","Label_FSQD":"ASS","Label_Subjectivity":"S","Label_ComparisionForm":"S","Label_Subjectivity_ComparisionForm":"SS","Label_SubjectivityType":"A"}
{"Question":"What complaints are made concerning the thicker of Samsung NC10?","Label_FSQD":"ASS","Label_Subjectivity":"S","Label_ComparisionForm":"S","Label_Subjectivity_ComparisionForm":"SS","Label_SubjectivityType":"A"}
{"Question":"Why do everyone think Samsung NC10 is not safe?","Label_FSQD":"RSS","Label_Subjectivity":"S","Label_ComparisionForm":"S","Label_Subjectivity_ComparisionForm":"SS","Label_SubjectivityType":"R"}
{"Question":"What compliments are made concerning the headphones of sony nwz?","Label_FSQD":"ASS","Label_Subjectivity":"S","Label_ComparisionForm":"S","Label_Subjectivity_ComparisionForm":"SS","Label_SubjectivityType":"A"}
{"Question":"What complaints are made about the memory in sony nwz?","Label_FSQD":"ASS","Label_Subjectivity":"S","Label_ComparisionForm":"S","Label_Subjectivity_ComparisionForm":"SS","Label_SubjectivityType":"A"}
{"Question":"What do you think of the the mp3 player sony nwz?","Label_FSQD":"ASS","Label_Subjectivity":"S","Label_ComparisionForm":"S","Label_Subjectivity_ComparisionForm":"SS","Label_SubjectivityType":"A"}
{"Question":"Which one is more appealling, sony nwz or Apple iPod Touch?","Label_FSQD":"TCS","Label_Subjectivity":"S","Label_ComparisionForm":"C","Label_Subjectivity_ComparisionForm":"CS","Label_SubjectivityType":"T"}
{"Question":"Which mp3 player is better, Apple iPod Touch or sony nwz?","Label_FSQD":"TCS","Label_Subjectivity":"S","Label_ComparisionForm":"C","Label_Subjectivity_ComparisionForm":"CS","Label_SubjectivityType":"T"}
{"Question":"Why do people dislike the transfer function in sony nwz mp3 Player?","Label_FSQD":"RSS","Label_Subjectivity":"S","Label_ComparisionForm":"S","Label_Subjectivity_ComparisionForm":"SS","Label_SubjectivityType":"R"}
{"Question":"Why is sony nwz so easy to broken?","Label_FSQD":"RSS","Label_Subjectivity":"S","Label_ComparisionForm":"S","Label_Subjectivity_ComparisionForm":"SS","Label_SubjectivityType":"R"}
{"Question":"Do you think getting a sony nwz is a waste of money?","Label_FSQD":"YSS","Label_Subjectivity":"S","Label_ComparisionForm":"S","Label_Subjectivity_ComparisionForm":"SS","Label_SubjectivityType":"Y"}
{"Question":"Do you think it is a good idea to watch video in sony nwz?","Label_FSQD":"YSS","Label_Subjectivity":"S","Label_ComparisionForm":"S","Label_Subjectivity_ComparisionForm":"SS","Label_SubjectivityType":"Y"}
{"Question":"Is the computer not recognize the sony nwz walkman mp3 player?","Label_FSQD":"YSS","Label_Subjectivity":"S","Label_ComparisionForm":"S","Label_Subjectivity_ComparisionForm":"SS","Label_SubjectivityType":"Y"}
{"Question":"What software do you use for Sony NWZ Walkman?","Label_FSQD":"NSO","Label_Subjectivity":"O","Label_ComparisionForm":"S","Label_Subjectivity_ComparisionForm":"SO","Label_SubjectivityType":"N"}
{"Question":"What is the Charge time for Sony NWZ (walkman)?","Label_FSQD":"NSO","Label_Subjectivity":"O","Label_ComparisionForm":"S","Label_Subjectivity_ComparisionForm":"SO","Label_SubjectivityType":"N"}
{"Question":"What video format does Sony Walkman NWZ use?","Label_FSQD":"NSO","Label_Subjectivity":"O","Label_ComparisionForm":"S","Label_Subjectivity_ComparisionForm":"SO","Label_SubjectivityType":"N"}
{"Question":"What is the price of sony digital music player NWZ charger?","Label_FSQD":"NSO","Label_Subjectivity":"O","Label_ComparisionForm":"S","Label_Subjectivity_ComparisionForm":"SO","Label_SubjectivityType":"N"}
{"Question":"What is the Video Resolution of Sony Walkman NWZ?","Label_FSQD":"NSO","Label_Subjectivity":"O","Label_ComparisionForm":"S","Label_Subjectivity_ComparisionForm":"SO","Label_SubjectivityType":"N"}
{"Question":"Do people think Sony NWZ is easy to broken and quite fragile?","Label_FSQD":"YSS","Label_Subjectivity":"S","Label_ComparisionForm":"S","Label_Subjectivity_ComparisionForm":"SS","Label_SubjectivityType":"Y"}
{"Question":"Is Sony NWZ  small and conveniently to take?","Label_FSQD":"YSS","Label_Subjectivity":"S","Label_ComparisionForm":"S","Label_Subjectivity_ComparisionForm":"SS","Label_SubjectivityType":"Y"}
{"Question":"Why do people think Sony NWZ is glossy and shiny?","Label_FSQD":"RSS","Label_Subjectivity":"S","Label_ComparisionForm":"S","Label_Subjectivity_ComparisionForm":"SS","Label_SubjectivityType":"R"}
{"Question":"Do everyone think Sony NWZ works slower?","Label_FSQD":"YSS","Label_Subjectivity":"S","Label_ComparisionForm":"S","Label_Subjectivity_ComparisionForm":"SS","Label_SubjectivityType":"Y"}
{"Question":"How do people think Sony NWZ is more lighter than others?","Label_FSQD":"ACS","Label_Subjectivity":"S","Label_ComparisionForm":"C","Label_Subjectivity_ComparisionForm":"CS","Label_SubjectivityType":"A"}
